timestamp,internal_temp_c,external_temp_c,battery_voltage_v,battery_current_a,battery_soc_percent,battery_capacity_ah,energy_available_kwh,power_load_kw,energy_loss_percent,tank_pressure_bar,structural_integrity,critical_modules_status,telemetry_link_status,estimated_autonomy_min,launch_decision
2026-03-30T00:00:00,34.82,17.4,49.34,88.46,93.71,111.04,5.1341,9.58,2.19,110.77,1,1,1,81.15,READY
2026-03-30T00:01:00,21.59,28.0,51.26,51.47,86.22,95.83,4.2353,23.29,4.75,108.24,1,1,1,78.29,READY
2026-03-30T00:02:00,27.54,4.2,49.51,109.78,75.98,88.77,3.3393,24.95,5.06,99.55,1,1,1,51.36,READY
2026-03-30T00:03:00,19.86,16.96,50.75,62.22,62.54,95.26,3.0235,24.92,5.17,143.55,0,1,1,161.21,ABORT
2026-03-30T00:04:00,29.56,-0.99,51.31,95.09,90.74,93.61,4.3584,10.87,2.95,95.16,1,1,1,142.48,READY
2026-03-30T00:05:00,30.23,29.02,50.57,70.77,64.26,105.01,3.4124,21.83,5.05,104.95,1,1,1,95.48,READY
2026-03-30T00:06:00,20.75,28.37,51.53,111.85,83.96,99.54,4.3066,7.24,4.18,144.27,1,1,1,153.91,READY
2026-03-30T00:07:00,22.07,3.43,49.4,27.88,89.28,112.64,4.9679,24.56,5.2,101.29,1,1,1,134.07,READY
2026-03-30T00:08:00,34.1,0.78,49.17,80.66,98.57,117.16,5.6784,20.11,6.14,130.65,1,1,1,98.86,READY
2026-03-30T00:09:00,29.42,8.07,51.4,65.15,69.92,82.56,2.9671,5.42,5.32,124.42,1,1,1,45.97,READY
2026-03-30T00:10:00,30.03,-2.94,46.4,23.14,73.22,100.57,3.4168,10.57,4.91,121.96,1,1,1,142.65,READY
2026-03-30T00:11:00,33.0,15.17,47.46,67.3,76.28,83.77,3.0327,18.18,4.13,115.56,1,1,1,161.62,READY
2026-03-30T00:12:00,18.92,17.87,49.88,26.06,89.13,112.02,4.9802,7.19,3.15,121.81,1,1,0,63.92,ABORT
2026-03-30T00:13:00,36.16,3.74,51.54,64.31,94.45,102.01,4.9658,6.01,8.0,136.8,1,1,1,175.81,ABORT
2026-03-30T00:14:00,26.26,2.48,48.41,25.86,75.16,119.41,4.3447,10.3,6.7,117.75,1,1,1,102.11,READY
2026-03-30T00:15:00,34.27,29.84,49.33,91.84,66.19,91.87,2.9997,24.37,5.48,122.11,0,1,1,145.98,ABORT
2026-03-30T00:16:00,18.85,11.69,51.52,73.11,33.58,100.31,1.7354,22.03,2.41,98.4,1,1,1,161.35,ABORT
2026-03-30T00:17:00,33.13,3.62,49.57,81.94,76.77,103.35,3.933,15.46,7.61,105.21,1,1,1,141.69,READY
2026-03-30T00:18:00,22.06,8.85,50.03,50.0,72.65,110.07,4.0007,6.45,4.75,144.92,1,1,1,179.47,READY
2026-03-30T00:19:00,19.25,2.46,47.59,113.33,95.23,115.17,5.2195,12.39,2.95,136.69,1,1,1,139.98,READY
2026-03-30T00:20:00,28.4,29.55,49.92,20.78,92.68,91.98,4.2555,18.27,7.63,101.71,1,1,1,60.58,READY
2026-03-30T00:21:00,19.82,14.36,47.63,80.48,88.7,88.14,3.7237,17.68,3.58,119.43,1,1,1,167.22,READY
2026-03-30T00:22:00,32.38,-1.77,48.54,47.67,46.77,110.84,2.5163,17.74,3.57,132.06,1,1,1,119.48,ABORT
2026-03-30T00:23:00,19.9,28.08,50.15,34.91,61.44,94.77,2.9201,16.05,4.58,97.09,0,1,1,94.23,ABORT
2026-03-30T00:24:00,33.28,2.35,47.5,30.28,91.2,115.37,4.9978,13.13,5.72,102.73,1,1,1,170.53,READY
2026-03-30T00:25:00,32.7,29.17,50.86,108.14,60.99,109.46,3.3954,11.64,7.58,135.11,1,1,1,161.65,READY
2026-03-30T00:26:00,31.78,4.34,50.72,30.81,94.89,114.34,5.503,9.45,6.9,118.02,1,1,1,86.2,READY
2026-03-30T00:27:00,31.52,2.97,46.14,39.31,73.13,114.57,3.8658,24.34,3.67,127.07,1,1,1,98.96,READY
2026-03-30T00:28:00,34.68,13.77,51.64,31.53,98.82,87.14,4.4468,24.25,3.59,100.42,1,1,1,103.67,READY
2026-03-30T00:29:00,30.39,5.98,49.64,71.14,75.41,103.06,3.8579,10.09,6.25,95.08,1,1,1,169.95,READY
2026-03-30T00:30:00,27.15,20.18,50.45,87.06,74.57,82.8,3.115,18.28,3.98,110.7,1,1,1,159.48,READY
2026-03-30T00:31:00,30.24,5.51,47.86,60.84,76.1,91.83,3.3446,7.55,4.52,142.02,1,1,1,136.44,READY
2026-03-30T00:32:00,33.35,16.54,47.81,74.79,60.02,91.48,2.6251,13.6,5.48,127.74,1,1,1,107.77,READY
2026-03-30T00:33:00,25.52,2.48,48.84,110.12,91.84,86.79,3.8929,6.7,5.09,126.65,1,1,1,90.25,READY
2026-03-30T00:34:00,31.91,21.29,50.04,42.46,67.97,80.98,2.7543,9.9,4.85,137.49,1,1,1,54.83,READY
2026-03-30T00:35:00,25.05,17.04,47.17,89.64,79.78,89.76,3.3779,18.12,2.03,132.55,1,0,1,148.96,ABORT
2026-03-30T00:36:00,31.23,2.66,50.82,89.59,78.58,102.3,4.0853,23.35,2.73,94.72,1,1,1,107.73,ABORT
2026-03-30T00:37:00,28.12,28.25,51.35,81.27,88.77,100.19,4.567,21.61,5.29,139.86,1,1,1,145.39,READY
2026-03-30T00:38:00,26.07,4.07,47.48,83.77,90.63,100.85,4.3397,17.53,3.65,98.87,1,1,1,83.57,READY
2026-03-30T00:39:00,22.62,6.19,49.24,33.84,69.25,107.76,3.6745,19.13,2.39,115.38,1,1,1,118.25,READY
2026-03-30T00:40:00,25.07,2.24,43.16,110.48,83.36,107.82,3.8792,22.13,6.59,114.02,1,1,1,45.8,ABORT
2026-03-30T00:41:00,24.63,26.21,51.01,73.82,89.39,111.99,5.1065,22.96,4.93,108.65,1,1,1,110.56,READY
2026-03-30T00:42:00,24.61,18.41,50.79,92.42,93.62,116.78,5.5528,24.61,5.2,140.35,1,1,1,124.91,READY
2026-03-30T00:43:00,29.27,-2.06,48.57,106.69,67.27,90.41,2.954,11.55,4.73,111.88,1,1,1,163.75,READY
2026-03-30T00:44:00,22.73,28.29,48.53,103.49,78.81,109.96,4.2056,6.04,7.71,106.21,1,1,1,16.2,ABORT
2026-03-30T00:45:00,18.53,3.65,51.04,82.13,69.54,98.94,3.5117,7.29,7.69,118.25,1,1,1,79.59,READY
2026-03-30T00:46:00,24.27,16.21,51.78,91.84,91.11,86.55,4.0831,11.22,5.47,141.44,1,1,1,122.73,READY
2026-03-30T00:47:00,33.44,8.14,51.65,39.83,83.68,113.22,4.8934,9.86,6.18,110.08,1,0,1,137.37,ABORT
2026-03-30T00:48:00,31.54,14.81,46.25,73.27,86.46,82.76,3.3094,17.95,2.08,116.0,1,1,1,111.18,READY
2026-03-30T00:49:00,25.37,7.68,51.35,65.97,66.12,87.05,2.9556,15.43,9.91,125.8,1,1,1,169.15,ABORT
2026-03-30T00:50:00,32.04,15.74,47.93,44.55,97.38,91.16,4.2548,14.02,6.5,123.49,1,1,1,135.21,READY
2026-03-30T00:51:00,23.72,12.3,47.95,68.75,74.19,90.33,3.2134,10.59,5.58,94.13,1,1,1,120.03,ABORT
2026-03-30T00:52:00,36.91,20.2,48.93,95.82,87.62,105.84,4.5376,14.82,9.43,99.65,1,1,0,28.56,ABORT
2026-03-30T00:53:00,34.94,14.26,48.11,65.37,72.26,89.22,3.1017,19.43,3.89,132.14,1,1,1,173.37,READY
2026-03-30T00:54:00,29.73,1.7,50.43,47.65,83.58,110.41,4.6537,16.94,7.88,136.63,1,1,1,84.99,READY
2026-03-30T00:55:00,24.13,5.58,50.25,32.66,61.82,82.18,2.5529,10.84,7.66,126.89,1,1,1,146.63,READY
2026-03-30T00:56:00,19.74,-4.57,47.71,67.87,73.63,118.62,4.167,10.05,7.17,100.7,1,1,1,53.82,READY
2026-03-30T00:57:00,26.36,15.2,50.12,35.17,92.45,117.97,5.4663,6.7,3.49,156.88,1,1,1,101.18,ABORT
2026-03-30T00:58:00,21.84,13.29,48.7,64.27,94.41,119.6,5.4989,11.11,5.73,125.48,1,1,1,144.91,READY
2026-03-30T00:59:00,34.11,2.27,47.27,86.04,66.28,86.95,2.7242,6.5,2.02,117.53,1,1,1,125.16,READY
2026-03-30T01:00:00,22.95,3.1,50.24,90.3,78.16,107.5,4.2213,23.48,6.73,126.25,1,1,1,134.26,READY
2026-03-30T01:01:00,33.87,9.88,49.27,84.76,96.34,113.07,5.3671,6.43,3.0,110.38,1,1,1,146.11,READY
2026-03-30T01:02:00,27.68,5.1,46.75,88.87,87.99,117.71,4.842,15.01,4.96,99.02,1,1,1,50.38,READY
2026-03-30T01:03:00,15.4,6.28,47.5,29.13,98.48,113.44,5.3065,16.5,7.7,144.98,1,1,1,135.76,ABORT
2026-03-30T01:04:00,30.97,1.13,49.11,64.22,71.13,119.88,4.1876,13.72,6.89,143.45,1,1,1,108.45,READY
2026-03-30T01:05:00,24.94,6.24,46.63,36.08,76.47,99.82,3.5594,18.25,4.4,133.02,1,1,1,49.95,READY
2026-03-30T01:06:00,19.5,3.83,46.7,97.25,94.6,113.0,4.9921,5.02,7.22,118.1,1,1,1,52.32,READY
2026-03-30T01:07:00,26.81,16.79,48.99,64.2,62.06,90.68,2.757,7.62,3.73,139.04,1,1,1,110.44,READY
2026-03-30T01:08:00,18.49,17.05,50.8,90.98,72.43,80.55,2.9638,13.16,3.35,137.07,1,1,1,60.32,READY
2026-03-30T01:09:00,34.1,17.67,46.92,113.27,71.67,108.22,3.6392,13.31,4.89,118.61,1,1,1,106.67,READY
2026-03-30T01:10:00,20.46,1.67,49.6,94.63,65.46,82.79,2.688,20.45,7.13,111.99,1,1,1,151.34,READY
2026-03-30T01:11:00,22.54,-4.91,50.36,103.75,83.2,106.4,4.4581,22.31,4.68,85.62,1,1,1,89.88,ABORT
2026-03-30T01:12:00,33.86,25.44,51.88,43.88,75.32,114.24,4.464,13.22,3.91,118.65,1,1,1,168.31,READY
2026-03-30T01:13:00,24.48,29.59,50.75,85.2,66.08,118.59,3.977,7.52,7.79,111.6,1,1,1,58.55,READY
2026-03-30T01:14:00,32.37,-1.51,51.46,21.53,65.77,114.84,3.8868,24.4,2.45,134.08,1,1,1,80.78,READY
2026-03-30T01:15:00,28.6,8.91,46.48,52.86,86.97,101.34,4.0965,24.08,5.76,139.37,1,1,1,110.87,READY
2026-03-30T01:16:00,27.2,16.61,47.41,88.44,71.5,89.1,3.0203,6.81,7.87,133.02,1,1,1,140.03,READY
2026-03-30T01:17:00,19.71,0.82,47.8,22.89,72.97,82.24,2.8685,12.17,4.58,107.21,1,1,1,100.63,READY
2026-03-30T01:18:00,29.59,1.3,47.05,80.95,75.3,107.33,3.8026,14.95,5.5,106.61,1,1,1,131.12,READY
2026-03-30T01:19:00,25.81,18.34,51.39,66.53,50.64,101.86,2.6508,6.48,7.67,144.38,1,1,1,85.39,ABORT
2026-03-30T01:20:00,25.77,5.57,52.0,105.33,64.27,95.25,3.1833,12.18,3.78,129.96,1,1,1,47.96,READY
2026-03-30T01:21:00,38.99,8.85,46.05,106.51,91.13,118.94,4.9914,23.21,6.47,136.64,1,1,1,166.9,ABORT
2026-03-30T01:22:00,23.99,17.28,49.73,87.78,88.84,106.37,4.6994,21.77,5.77,140.17,1,1,1,132.26,READY
2026-03-30T01:23:00,23.25,10.43,44.07,93.24,63.61,91.8,2.5734,19.95,3.05,101.61,1,1,1,117.82,ABORT
2026-03-30T01:24:00,33.53,24.07,47.54,102.47,79.27,112.26,4.2305,19.93,4.03,100.76,1,1,1,174.99,READY
2026-03-30T01:25:00,20.39,28.83,51.16,92.42,99.2,118.69,6.0236,21.09,4.19,134.53,1,1,1,46.88,READY
2026-03-30T01:26:00,27.12,10.92,50.04,87.23,83.38,112.9,4.7106,23.81,2.65,106.69,1,1,1,48.38,READY
2026-03-30T01:27:00,33.03,14.65,51.49,42.14,62.53,112.95,3.6366,23.19,3.81,115.41,0,1,1,63.87,ABORT
2026-03-30T01:28:00,23.17,12.24,46.58,108.73,65.43,98.15,2.9913,18.41,6.46,142.3,1,1,1,101.58,READY
2026-03-30T01:29:00,30.62,0.41,48.49,29.9,79.57,96.32,3.7164,24.03,2.2,113.53,1,1,1,104.86,READY
2026-03-30T01:30:00,34.16,24.94,46.6,88.57,81.78,119.11,4.5392,12.17,4.39,104.49,1,1,1,61.49,READY
2026-03-30T01:31:00,32.42,10.92,49.98,84.17,83.89,80.85,3.3899,20.74,3.46,101.3,1,1,1,121.22,READY
2026-03-30T01:32:00,19.17,21.78,47.24,41.6,94.79,93.14,4.1707,7.95,7.4,95.14,1,1,1,160.88,READY
2026-03-30T01:33:00,20.46,-0.45,47.5,37.45,86.44,81.03,3.327,5.3,6.74,106.9,1,1,1,88.71,READY
2026-03-30T01:34:00,20.96,-3.17,50.45,72.61,89.83,99.05,4.4889,20.56,5.08,100.45,1,1,1,113.02,READY
2026-03-30T01:35:00,34.07,-3.48,50.7,106.7,80.86,98.32,4.0307,24.28,2.36,118.95,1,1,1,99.22,READY
2026-03-30T01:36:00,29.66,12.16,51.46,27.35,63.23,104.33,3.3947,6.31,3.65,126.65,1,1,1,119.03,READY
2026-03-30T01:37:00,23.53,29.81,49.18,65.37,84.22,83.97,3.478,19.04,7.12,127.55,1,1,1,148.81,READY
2026-03-30T01:38:00,30.25,2.53,45.72,42.85,73.56,98.14,3.3006,13.32,2.57,116.34,1,1,1,134.79,ABORT
2026-03-30T01:39:00,29.68,11.6,46.55,28.54,77.28,109.78,3.9492,12.45,2.78,98.0,1,1,1,174.14,READY
2026-03-30T01:40:00,27.55,18.45,48.46,107.36,97.65,96.92,4.5864,23.32,2.31,109.38,1,1,1,87.18,READY
2026-03-30T01:41:00,19.76,12.76,46.93,68.22,55.27,94.0,2.4382,16.13,2.69,108.93,1,1,1,75.53,ABORT
2026-03-30T01:42:00,34.57,23.64,49.68,84.27,61.05,117.16,3.5534,21.59,3.6,104.02,1,1,1,139.86,READY
2026-03-30T01:43:00,23.25,6.89,46.04,106.99,82.65,96.03,3.6541,7.84,5.8,96.53,1,1,1,145.73,READY
2026-03-30T01:44:00,21.66,9.69,48.05,57.01,88.86,111.07,4.7424,16.35,2.51,97.63,1,1,1,66.25,READY
2026-03-30T01:45:00,28.5,18.59,47.63,86.19,79.43,97.68,3.6955,10.46,6.53,100.69,1,1,1,103.04,READY
2026-03-30T01:46:00,22.82,18.75,48.92,86.71,61.82,95.81,2.8975,16.99,2.05,110.07,1,1,1,73.52,READY
2026-03-30T01:47:00,20.33,3.94,42.28,20.77,89.88,87.03,3.3073,12.6,6.22,120.01,1,1,1,157.5,ABORT
2026-03-30T01:48:00,32.65,-3.52,46.11,112.12,94.48,103.03,4.4885,16.47,6.26,115.88,1,1,1,60.55,READY
2026-03-30T01:49:00,18.35,6.37,50.81,81.81,93.28,116.79,5.5353,6.76,7.07,107.17,1,1,1,124.5,READY
2026-03-30T01:50:00,26.91,8.85,43.37,53.95,73.32,86.73,2.7579,15.21,2.68,120.5,1,1,1,167.3,ABORT
2026-03-30T01:51:00,34.29,17.59,46.89,30.28,70.24,86.94,2.8634,8.06,6.55,98.77,1,1,1,29.77,ABORT
2026-03-30T01:52:00,30.83,21.6,48.69,112.42,82.58,105.41,4.2383,17.49,7.19,126.36,1,0,1,65.38,ABORT
2026-03-30T01:53:00,25.97,17.1,50.78,79.14,74.08,82.97,3.1212,14.23,2.23,113.44,1,1,1,83.76,READY
2026-03-30T01:54:00,28.96,29.21,46.54,79.41,75.38,103.21,3.6208,24.08,6.43,154.81,1,1,1,167.72,ABORT
2026-03-30T01:55:00,23.47,11.65,46.91,26.19,64.14,115.97,3.4893,11.87,6.29,120.23,1,1,1,68.3,READY
2026-03-30T01:56:00,22.21,10.32,48.64,72.27,66.35,94.91,3.063,10.66,4.45,111.92,1,1,1,34.35,ABORT
2026-03-30T01:57:00,19.12,-1.69,50.07,48.41,88.95,106.26,4.7325,23.13,7.24,111.67,1,1,1,123.67,READY
2026-03-30T01:58:00,20.4,7.24,51.81,89.85,75.68,103.8,4.07,23.76,3.86,113.83,1,1,1,151.87,READY
2026-03-30T01:59:00,31.82,18.45,50.97,93.88,87.42,101.06,4.503,17.92,4.54,113.09,1,1,0,93.95,ABORT
2026-03-30T02:00:00,34.17,6.96,50.6,39.2,100.0,86.2,4.3617,10.92,6.73,120.38,1,1,1,117.87,READY
2026-03-30T02:01:00,30.56,13.43,49.97,107.64,84.72,103.89,4.3981,8.09,3.09,129.64,1,1,1,129.34,READY
2026-03-30T02:02:00,33.35,20.24,46.26,56.43,88.78,118.78,4.8783,17.21,6.51,134.19,1,1,1,76.59,READY
2026-03-30T02:03:00,22.07,28.8,50.71,110.4,67.76,107.13,3.6811,16.41,4.64,133.47,1,1,1,150.05,READY
2026-03-30T02:04:00,26.55,9.65,46.97,39.97,84.19,114.92,4.5444,6.04,4.88,113.56,1,1,1,171.13,READY
2026-03-30T02:05:00,30.09,13.06,46.75,28.39,66.41,97.97,3.0416,15.27,11.55,99.59,1,1,1,167.92,ABORT
2026-03-30T02:06:00,33.82,9.52,48.38,57.4,75.45,83.26,3.0392,9.49,3.91,99.95,1,1,1,141.49,READY
2026-03-30T02:07:00,23.7,0.11,46.23,111.74,78.9,113.24,4.1305,20.18,4.81,125.77,1,1,1,167.29,READY
2026-03-30T02:08:00,18.32,2.55,46.9,114.02,84.36,96.93,3.835,20.52,3.43,101.09,1,1,1,77.19,READY
2026-03-30T02:09:00,28.86,16.8,46.38,103.67,79.99,101.44,3.7634,17.64,5.45,130.93,1,1,1,84.32,READY
2026-03-30T02:10:00,18.03,7.35,49.42,38.73,86.73,100.94,4.3265,12.21,7.72,122.2,1,1,1,151.17,READY
2026-03-30T02:11:00,26.63,-4.29,51.24,24.35,75.48,94.93,3.6715,19.95,4.14,98.38,1,1,1,77.55,READY
2026-03-30T02:12:00,29.17,-1.37,49.49,95.67,65.34,94.09,3.0426,11.77,5.86,136.52,1,1,1,137.43,READY
2026-03-30T02:13:00,34.67,11.75,47.09,33.49,88.64,117.74,4.9145,5.74,3.21,134.56,1,1,1,164.58,READY
2026-03-30T02:14:00,23.37,5.85,48.39,101.54,78.94,81.46,3.1117,17.94,3.72,138.11,1,1,1,51.45,READY
2026-03-30T02:15:00,29.15,4.56,45.6,63.7,76.0,97.59,3.3821,24.13,4.03,104.34,1,1,1,138.43,ABORT
2026-03-30T02:16:00,14.63,23.04,50.36,27.89,84.1,112.89,4.7812,15.91,3.93,99.0,1,1,1,134.22,ABORT
2026-03-30T02:17:00,30.2,0.83,48.66,64.71,89.07,116.46,5.0475,17.3,4.61,126.97,1,1,1,151.85,READY
2026-03-30T02:18:00,18.98,18.49,48.44,71.31,90.0,86.4,3.7667,5.62,7.09,128.9,1,1,0,104.15,ABORT
2026-03-30T02:19:00,19.14,22.25,48.2,58.29,82.69,104.2,4.1531,18.58,7.69,113.6,1,1,1,148.02,READY
2026-03-30T02:20:00,16.57,13.53,48.39,84.96,69.98,84.54,2.8628,19.71,4.99,114.35,1,1,1,120.83,ABORT
2026-03-30T02:21:00,29.97,2.51,49.67,89.4,99.95,88.01,4.3693,7.71,2.44,103.63,1,1,1,141.3,READY
2026-03-30T02:22:00,38.99,23.37,51.81,118.66,86.71,108.38,4.8689,16.0,9.32,110.0,1,1,1,23.02,ABORT
2026-03-30T02:23:00,21.42,-0.14,50.74,22.63,82.16,94.76,3.9504,21.07,5.31,125.6,1,1,1,56.64,READY
2026-03-30T02:24:00,23.26,29.99,50.31,72.57,90.77,112.93,5.1571,6.48,7.83,127.12,1,1,1,105.75,READY
2026-03-30T02:25:00,29.56,7.06,51.27,98.03,85.59,87.28,3.83,24.33,4.6,140.54,1,1,1,52.48,READY
2026-03-30T02:26:00,20.11,0.36,46.99,52.27,88.37,93.84,3.8967,23.82,7.37,137.3,1,1,1,78.83,READY
2026-03-30T02:27:00,28.8,14.28,46.75,50.28,81.34,100.1,3.8064,8.37,7.65,102.71,1,1,1,133.93,READY
2026-03-30T02:28:00,30.25,16.18,51.06,76.36,93.01,81.13,3.8529,5.91,5.85,151.31,1,1,1,132.9,ABORT
2026-03-30T02:29:00,28.86,12.43,49.76,48.97,98.27,99.32,4.8567,21.09,6.11,109.87,1,1,1,54.85,READY
2026-03-30T02:30:00,19.02,10.39,48.91,40.4,84.27,92.5,3.8125,19.37,6.41,138.04,1,1,0,176.68,ABORT
2026-03-30T02:31:00,30.93,13.02,46.64,44.17,64.9,97.98,2.9658,7.82,2.3,142.27,1,1,1,161.66,READY
2026-03-30T02:32:00,25.11,28.69,51.41,101.35,97.35,108.85,5.4477,8.8,2.96,144.8,1,1,1,108.02,READY
2026-03-30T02:33:00,32.94,12.41,46.54,59.32,78.29,89.63,3.2658,16.67,2.29,109.07,1,1,1,125.67,READY
2026-03-30T02:34:00,32.33,18.54,47.71,20.82,64.3,85.36,2.6186,10.29,4.19,115.16,1,1,1,51.11,READY
2026-03-30T02:35:00,18.87,14.66,48.18,48.86,75.45,98.01,3.5628,16.0,6.95,126.16,1,1,1,127.49,READY
2026-03-30T02:36:00,20.19,-1.62,48.24,118.68,82.31,94.62,3.757,7.89,5.61,115.07,1,1,1,50.43,READY
2026-03-30T02:37:00,18.66,19.98,50.82,71.93,65.96,115.73,3.8794,7.8,7.59,110.93,1,1,1,98.05,READY
2026-03-30T02:38:00,28.48,24.49,49.56,70.73,80.39,99.59,3.9678,16.26,4.85,95.83,1,1,1,89.72,READY
2026-03-30T02:39:00,19.86,9.58,47.85,109.88,94.88,105.17,4.7747,16.94,3.59,127.78,1,1,1,176.23,READY
2026-03-30T02:40:00,27.83,2.96,46.31,68.04,80.97,108.85,4.0816,20.49,4.28,136.08,1,1,1,77.7,READY
2026-03-30T02:41:00,27.73,19.52,47.14,64.1,76.75,96.52,3.4921,9.08,5.01,125.57,1,1,1,108.67,READY
2026-03-30T02:42:00,32.42,20.46,50.23,71.87,82.44,119.92,4.9658,14.57,4.26,142.83,1,1,1,107.05,READY
2026-03-30T02:43:00,27.06,14.12,50.06,106.77,87.23,112.15,4.8973,10.29,4.91,142.87,1,1,1,82.67,READY
2026-03-30T02:44:00,23.07,27.95,51.89,97.12,88.2,107.61,4.925,14.78,4.88,123.02,1,1,1,171.16,READY
2026-03-30T02:45:00,30.27,5.07,49.44,74.32,95.83,95.78,4.5379,11.9,6.64,102.32,1,1,1,50.68,READY
2026-03-30T02:46:00,34.24,-2.23,51.54,85.6,89.89,88.56,4.1029,21.56,3.63,123.1,1,1,1,81.67,READY
2026-03-30T02:47:00,19.86,20.93,47.44,25.08,96.21,89.03,4.0635,9.66,2.6,111.51,1,1,1,108.77,READY
2026-03-30T02:48:00,29.58,-0.19,51.79,117.79,66.32,106.12,3.6449,22.61,4.85,127.53,1,1,1,147.05,READY
2026-03-30T02:49:00,22.88,4.99,46.35,96.87,86.09,89.29,3.5629,19.77,7.1,96.86,1,1,1,169.4,READY
2026-03-30T02:50:00,25.1,24.32,51.6,23.63,93.45,111.52,5.3775,8.73,6.49,138.61,1,1,1,84.08,READY
2026-03-30T02:51:00,18.64,5.44,49.62,112.85,73.4,98.17,3.5755,17.83,5.15,139.46,1,1,1,63.12,READY
2026-03-30T02:52:00,26.57,4.55,50.85,53.07,89.24,105.93,4.8069,19.37,2.08,111.86,1,1,1,37.64,ABORT
2026-03-30T02:53:00,20.98,24.97,51.38,102.7,80.61,83.47,3.4571,18.39,3.11,102.03,1,1,1,88.69,READY
2026-03-30T02:54:00,22.22,4.13,47.41,95.38,98.16,92.08,4.2852,19.46,2.07,127.68,0,1,1,138.52,ABORT
2026-03-30T02:55:00,29.35,11.29,46.96,88.61,96.92,115.51,5.2573,20.4,6.14,126.94,1,1,1,171.99,READY
2026-03-30T02:56:00,24.25,2.73,51.74,67.82,78.2,119.55,4.8371,12.47,6.21,140.64,1,1,1,39.69,ABORT
2026-03-30T02:57:00,30.95,18.81,49.57,98.74,81.02,101.13,4.0615,12.24,7.5,100.61,1,1,1,156.88,READY
2026-03-30T02:58:00,33.35,2.08,49.22,36.45,94.18,97.67,4.5275,18.61,6.3,119.44,1,1,1,166.35,READY
2026-03-30T02:59:00,25.57,-3.05,46.79,61.54,82.56,102.35,3.9538,18.46,3.85,96.09,1,1,1,79.35,READY
2026-03-30T03:00:00,18.05,2.63,46.44,62.37,88.02,101.65,4.1551,6.21,7.37,144.31,1,1,1,108.73,READY
2026-03-30T03:01:00,22.88,1.3,46.81,84.15,41.23,118.55,2.288,12.49,7.35,117.43,1,1,1,168.81,ABORT
2026-03-30T03:02:00,29.61,18.16,49.24,85.35,73.91,87.14,3.1713,15.75,5.17,131.39,1,1,1,75.06,READY
2026-03-30T03:03:00,38.33,-4.2,47.79,87.35,81.78,101.28,3.9583,21.47,9.58,112.31,1,0,1,43.31,ABORT
2026-03-30T03:04:00,33.11,3.42,46.4,79.39,77.86,106.88,3.8613,22.44,3.47,97.21,1,1,1,104.26,READY
2026-03-30T03:05:00,27.18,21.4,42.92,34.01,99.74,89.37,3.8258,23.33,5.46,123.87,1,1,1,149.29,ABORT
2026-03-30T03:06:00,32.9,29.5,49.13,61.36,71.01,102.27,3.5679,16.83,6.41,87.38,1,1,1,136.63,ABORT
2026-03-30T03:07:00,34.53,27.96,50.03,98.58,72.75,96.65,3.5178,7.98,4.26,132.72,1,1,1,108.93,READY
2026-03-30T03:08:00,32.44,5.53,50.25,100.58,96.59,102.5,4.975,24.36,5.34,101.7,1,1,1,77.79,READY
2026-03-30T03:09:00,21.46,17.63,51.53,104.71,63.7,108.98,3.5772,8.81,3.61,128.68,1,0,1,126.39,ABORT
2026-03-30T03:10:00,21.2,21.66,50.35,75.89,79.18,114.78,4.5759,11.66,7.74,95.77,1,1,1,171.52,READY
2026-03-30T03:11:00,34.36,-0.89,52.0,67.89,69.7,104.18,3.7759,9.09,7.49,122.6,1,1,1,149.69,READY
2026-03-30T03:12:00,24.47,13.68,48.16,46.16,80.51,99.89,3.8731,6.97,7.89,118.47,1,1,1,158.36,READY
2026-03-30T03:13:00,33.54,7.97,48.48,76.25,68.85,85.84,2.8652,10.22,7.61,123.96,1,1,0,101.37,ABORT
2026-03-30T03:14:00,39.0,3.05,49.42,44.57,82.03,117.74,4.7731,11.75,8.51,119.43,1,0,0,37.94,ABORT
2026-03-30T03:15:00,26.3,27.09,49.25,84.18,62.35,81.35,2.498,21.93,7.67,128.41,1,1,1,148.19,READY
2026-03-30T03:16:00,25.01,24.49,47.39,90.72,60.37,100.23,2.8675,12.46,5.71,128.34,1,1,1,128.23,READY
2026-03-30T03:17:00,26.21,12.07,46.04,75.16,60.47,101.18,2.8169,10.49,7.86,95.86,1,1,1,154.78,READY
2026-03-30T03:18:00,29.46,23.22,51.46,30.7,63.85,85.96,2.8244,8.84,5.16,135.76,1,1,1,81.09,READY
2026-03-30T03:19:00,24.75,8.06,48.44,76.5,99.61,89.03,4.2958,18.68,7.09,127.69,1,1,1,160.86,READY
2026-03-30T03:20:00,30.91,-1.73,48.28,75.27,62.24,80.38,2.4154,8.43,5.0,116.7,1,1,1,150.89,READY
2026-03-30T03:21:00,27.62,25.03,46.57,72.82,61.7,88.46,2.5418,22.36,7.33,118.78,1,1,1,51.29,READY
2026-03-30T03:22:00,19.26,27.4,51.4,76.35,61.32,117.15,3.6924,11.29,7.77,124.35,1,1,1,146.55,READY
2026-03-30T03:23:00,30.12,8.94,46.46,36.25,69.62,113.39,3.6677,12.78,7.38,111.59,1,1,1,147.01,READY
2026-03-30T03:24:00,20.38,29.6,50.34,70.08,98.97,82.15,4.0928,13.74,7.03,112.03,1,1,1,148.82,READY
2026-03-30T03:25:00,34.23,8.88,50.64,22.96,70.93,119.7,4.2995,14.81,4.13,142.06,1,1,1,103.3,READY
2026-03-30T03:26:00,29.55,18.12,46.51,81.86,91.92,108.52,4.6394,6.64,2.93,130.58,1,1,1,130.58,READY
2026-03-30T03:27:00,30.57,6.08,46.64,20.52,72.33,94.4,3.1846,10.4,2.8,104.37,1,1,1,105.59,READY
2026-03-30T03:28:00,27.43,9.28,46.16,55.39,63.72,103.92,3.0566,11.49,4.31,109.59,1,1,1,97.35,READY
2026-03-30T03:29:00,19.44,26.54,51.43,117.82,82.88,86.78,3.699,12.61,2.83,110.06,1,1,1,111.57,READY
2026-03-30T03:30:00,19.08,10.21,48.53,68.42,63.08,90.07,2.7573,9.93,5.75,124.69,1,1,1,71.4,READY
2026-03-30T03:31:00,19.82,5.66,51.69,53.22,84.81,112.16,4.9169,11.59,4.01,135.77,1,1,1,161.03,READY
2026-03-30T03:32:00,34.56,-0.24,47.92,114.73,68.03,92.57,3.0178,24.29,7.81,109.57,1,1,1,138.82,READY
2026-03-30T03:33:00,26.35,15.16,47.45,57.61,92.66,95.72,4.2085,7.28,5.38,124.61,1,1,1,118.66,READY
2026-03-30T03:34:00,29.59,14.25,51.72,66.16,50.12,97.54,2.5284,10.83,6.16,135.95,1,1,1,152.41,ABORT
2026-03-30T03:35:00,20.37,5.6,47.52,35.41,76.93,95.08,3.4759,13.98,5.59,124.11,1,1,1,117.14,READY
2026-03-30T03:36:00,39.31,25.44,48.51,23.68,98.74,108.07,5.1764,21.25,5.56,140.72,1,1,1,59.76,ABORT
2026-03-30T03:37:00,24.04,17.64,46.27,118.36,87.1,95.98,3.8681,20.05,7.79,116.52,1,1,1,46.42,READY
2026-03-30T03:38:00,22.4,12.87,49.11,78.05,83.01,97.83,3.9882,12.82,6.63,124.43,1,1,1,112.56,READY
2026-03-30T03:39:00,23.86,-4.14,46.63,61.6,98.47,84.64,3.8864,23.81,2.85,110.59,1,1,1,106.47,READY
2026-03-30T03:40:00,21.52,11.9,48.86,63.82,87.87,92.76,3.9825,11.01,6.86,100.75,1,1,1,159.64,READY
2026-03-30T03:41:00,29.02,18.7,46.99,118.39,69.76,86.98,2.8512,8.2,5.36,142.92,1,1,1,76.3,READY
2026-03-30T03:42:00,24.89,1.46,49.84,63.21,61.17,104.56,3.1877,8.95,5.55,114.44,1,1,1,140.14,READY
2026-03-30T03:43:00,21.5,21.33,50.85,26.26,64.07,114.88,3.7427,8.74,3.96,117.88,1,1,1,80.42,READY
2026-03-30T03:44:00,32.66,13.47,49.83,79.7,84.45,103.48,4.3546,11.96,7.07,125.87,1,1,1,154.85,READY
2026-03-30T03:45:00,30.0,5.41,49.69,28.48,65.36,84.71,2.7512,11.11,3.1,129.67,1,1,1,113.96,READY
2026-03-30T03:46:00,25.11,-0.17,48.3,38.58,85.42,107.74,4.4451,17.91,8.0,122.75,1,1,1,111.1,READY
2026-03-30T03:47:00,20.39,6.01,48.71,25.36,74.36,80.38,2.9114,7.73,6.89,143.19,1,1,1,113.23,READY
2026-03-30T03:48:00,26.41,18.96,48.49,103.99,79.55,83.31,3.2136,5.62,6.57,109.6,1,1,1,82.11,READY
2026-03-30T03:49:00,27.14,0.89,44.11,94.25,90.64,101.99,4.0777,7.26,2.69,133.76,1,1,1,156.14,ABORT
2026-03-30T03:50:00,30.87,21.6,48.65,41.85,77.01,109.44,4.1002,18.07,3.49,138.74,1,1,1,49.35,READY
2026-03-30T03:51:00,22.47,25.18,46.52,106.53,64.7,112.48,3.3855,9.2,6.43,129.46,1,1,1,161.24,READY
2026-03-30T03:52:00,39.77,9.99,49.7,98.48,92.54,112.22,5.1613,16.4,9.33,124.84,1,1,0,42.41,ABORT
2026-03-30T03:53:00,31.86,-0.25,50.5,61.16,62.37,91.09,2.869,18.12,6.21,101.63,1,1,1,64.74,READY
2026-03-30T03:54:00,23.48,3.66,51.06,59.27,65.69,105.3,3.5319,17.56,4.25,98.78,1,1,1,152.27,READY
2026-03-30T03:55:00,31.07,9.1,50.5,89.47,95.09,98.19,4.7151,14.76,5.49,138.45,1,0,1,159.37,ABORT
2026-03-30T03:56:00,13.99,11.05,49.98,55.82,62.53,101.38,3.1684,9.36,4.58,105.59,1,1,1,81.25,ABORT
2026-03-30T03:57:00,27.82,14.81,48.91,54.37,87.3,81.94,3.4987,6.99,6.7,117.98,1,1,1,61.77,READY
2026-03-30T03:58:00,32.58,10.45,46.0,115.8,68.09,107.54,3.3683,7.64,5.9,102.95,1,1,1,170.92,READY
2026-03-30T03:59:00,22.66,17.91,47.5,57.18,96.15,86.62,3.956,12.93,3.83,129.97,1,1,1,76.61,READY
2026-03-30T04:00:00,29.14,19.63,46.01,67.68,65.31,89.05,2.6759,18.6,2.06,129.78,1,1,1,155.31,READY
2026-03-30T04:01:00,34.8,9.78,46.79,27.08,75.32,109.23,3.8495,7.05,3.88,139.05,1,1,1,63.51,READY
2026-03-30T04:02:00,31.15,21.36,46.8,119.29,65.71,101.22,3.1127,5.17,5.9,117.0,1,1,1,142.53,READY
2026-03-30T04:03:00,28.68,0.3,48.47,88.66,94.4,83.47,3.8192,7.01,6.51,124.48,1,1,1,96.84,READY
2026-03-30T04:04:00,34.38,6.01,46.84,47.7,63.37,102.14,3.0318,17.0,5.65,133.95,1,1,1,138.21,READY
2026-03-30T04:05:00,32.41,18.04,47.81,71.77,80.38,109.91,4.2238,10.91,2.33,139.9,1,1,1,173.88,READY
2026-03-30T04:06:00,26.41,-1.05,49.0,79.39,81.13,119.11,4.7351,24.74,7.6,101.6,1,1,1,161.21,READY
2026-03-30T04:07:00,27.66,7.79,50.1,96.27,98.18,110.81,5.4505,5.33,2.41,108.11,1,1,1,50.38,READY
2026-03-30T04:08:00,19.03,22.63,49.04,82.86,80.04,96.62,3.7925,19.04,2.49,121.83,1,1,1,128.17,READY
2026-03-30T04:09:00,22.72,5.85,49.07,40.32,92.32,101.46,4.5963,12.81,5.81,136.73,1,1,1,136.94,READY
2026-03-30T04:10:00,19.12,19.45,50.38,104.65,62.32,83.45,2.6201,13.69,4.72,125.44,1,1,1,86.75,READY
2026-03-30T04:11:00,30.61,20.92,46.72,90.79,88.06,86.55,3.5608,24.06,5.14,134.15,1,1,1,142.3,READY
2026-03-30T04:12:00,20.84,-0.56,50.69,46.88,95.46,110.86,5.3644,5.59,6.84,108.6,1,1,1,53.62,READY
2026-03-30T04:13:00,30.11,15.18,46.46,65.52,74.4,99.98,3.4559,16.34,4.21,107.76,1,1,1,58.89,READY
2026-03-30T04:14:00,27.76,20.3,47.37,70.88,61.76,114.52,3.3504,9.89,4.83,114.15,1,1,1,65.26,READY
2026-03-30T04:15:00,33.83,25.01,49.32,111.39,89.63,96.77,4.2778,11.44,4.5,131.01,1,1,1,81.62,READY
2026-03-30T04:16:00,19.32,8.05,49.01,110.19,67.17,112.17,3.6926,24.63,7.72,98.45,1,1,1,107.79,READY
2026-03-30T04:17:00,22.8,24.57,47.96,75.31,60.32,88.03,2.5467,16.28,3.82,126.14,1,1,1,107.63,READY
2026-03-30T04:18:00,28.06,12.27,44.48,39.54,96.02,110.42,4.716,9.9,2.04,115.5,1,1,1,76.45,ABORT
2026-03-30T04:19:00,29.79,-4.66,48.01,95.89,75.05,109.52,3.9462,11.15,3.23,144.16,1,1,1,101.68,READY
2026-03-30T04:20:00,34.34,29.04,46.85,47.98,61.76,89.26,2.5827,21.91,4.48,139.78,1,1,1,106.89,READY
2026-03-30T04:21:00,30.71,15.33,49.03,83.72,75.77,103.68,3.8517,6.25,5.97,101.54,1,1,1,84.38,READY
2026-03-30T04:22:00,32.47,27.41,48.36,103.19,73.05,98.11,3.4659,9.67,7.66,101.81,1,1,1,148.97,READY
2026-03-30T04:23:00,19.85,-1.3,48.7,51.4,64.83,94.33,2.9782,20.41,4.71,118.17,1,1,1,160.09,READY
2026-03-30T04:24:00,19.54,23.27,47.83,90.47,84.13,88.6,3.5652,22.13,2.89,130.56,1,1,1,175.73,READY
2026-03-30T04:25:00,24.74,-3.29,47.79,102.01,66.95,118.08,3.778,22.09,5.34,122.51,1,1,1,57.79,READY
2026-03-30T04:26:00,19.73,22.78,46.73,26.17,91.24,88.89,3.79,8.96,4.4,129.31,1,1,1,171.57,READY
2026-03-30T04:27:00,19.43,15.51,51.5,27.5,99.89,87.91,4.5224,17.92,6.86,99.6,1,1,1,159.38,READY
2026-03-30T04:28:00,31.75,-0.71,51.65,25.06,96.97,97.33,4.8748,19.49,4.98,114.14,1,1,1,102.6,READY
2026-03-30T04:29:00,24.02,26.79,47.65,64.6,65.95,104.56,3.2858,17.34,5.88,119.94,1,1,1,164.18,READY
2026-03-30T04:30:00,26.14,-1.93,48.3,61.92,85.71,111.89,4.632,9.98,7.96,122.18,1,1,1,47.64,READY
2026-03-30T04:31:00,24.5,19.97,48.88,98.14,73.76,102.63,3.7002,11.43,3.62,96.3,1,1,1,125.61,READY
2026-03-30T04:32:00,18.5,23.37,47.69,100.87,78.87,94.3,3.5469,16.68,3.4,102.98,1,1,1,78.46,READY
2026-03-30T04:33:00,22.1,13.68,50.75,93.71,90.56,117.91,5.419,16.51,7.9,114.42,1,1,0,171.25,ABORT
2026-03-30T04:34:00,40.45,15.74,50.84,89.76,96.56,81.13,3.9828,19.01,7.69,123.18,1,1,1,121.02,ABORT
2026-03-30T04:35:00,31.78,28.96,49.25,37.56,61.52,82.25,2.4921,17.03,2.12,118.9,1,1,1,89.78,READY
2026-03-30T04:36:00,28.44,23.23,48.04,37.75,92.1,114.73,5.0762,6.19,2.89,130.23,1,1,1,64.12,READY
2026-03-30T04:37:00,19.89,13.42,48.19,27.25,88.18,106.49,4.5252,16.72,4.02,111.13,1,1,1,176.74,READY
2026-03-30T04:38:00,30.45,10.29,49.84,68.72,72.69,108.29,3.9232,16.24,7.34,125.69,1,1,1,93.17,READY
2026-03-30T04:39:00,29.31,23.51,48.27,93.4,71.78,87.11,3.0182,5.04,6.21,145.58,1,1,1,159.85,ABORT
2026-03-30T04:40:00,28.24,27.24,51.81,42.09,82.62,117.47,5.0284,7.81,6.47,106.9,1,1,1,177.62,READY
2026-03-30T04:41:00,20.85,25.99,46.53,90.9,85.56,115.47,4.597,13.93,3.59,107.48,1,1,1,54.15,READY
2026-03-30T04:42:00,22.36,-1.22,46.01,58.59,89.3,118.76,4.8795,22.69,4.96,113.94,1,0,1,118.71,ABORT
2026-03-30T04:43:00,32.09,22.61,49.47,95.82,69.02,98.05,3.3478,20.98,2.2,96.0,1,1,1,80.25,READY
2026-03-30T04:44:00,19.78,6.96,51.33,36.09,63.0,117.67,3.8052,24.56,4.03,144.26,1,1,1,165.59,READY
2026-03-30T04:45:00,29.98,10.1,49.92,80.73,77.37,82.14,3.1725,11.62,7.85,115.46,1,1,1,119.81,READY
2026-03-30T04:46:00,33.73,13.9,49.96,49.74,63.84,95.72,3.0529,15.99,4.95,97.73,1,1,1,45.52,READY
2026-03-30T04:47:00,19.49,23.84,49.75,68.03,44.08,88.28,1.936,17.76,7.86,118.68,1,1,1,60.59,ABORT
2026-03-30T04:48:00,33.21,4.28,49.85,58.75,74.84,95.26,3.5539,8.73,2.27,116.99,1,1,1,80.56,READY
2026-03-30T04:49:00,32.23,14.75,46.91,89.65,63.87,106.73,3.1978,21.16,4.48,132.82,1,1,1,75.71,READY
2026-03-30T04:50:00,19.04,8.55,49.14,116.56,87.48,117.45,5.0489,16.45,3.41,109.94,1,1,1,98.3,READY
2026-03-30T04:51:00,32.52,-3.78,49.43,71.68,82.86,119.31,4.8867,7.95,7.7,117.45,1,1,1,173.12,READY
2026-03-30T04:52:00,20.84,2.42,47.16,24.27,63.13,107.33,3.1954,9.04,6.94,102.39,1,1,1,125.33,READY
2026-03-30T04:53:00,23.44,20.45,50.84,28.7,82.25,102.08,4.2686,22.13,5.12,140.86,1,1,1,46.67,READY
2026-03-30T04:54:00,29.91,15.57,50.69,31.25,65.99,102.66,3.434,16.65,7.79,100.01,1,1,1,59.26,READY
2026-03-30T04:55:00,31.25,22.5,51.2,108.01,34.3,90.57,1.5906,18.1,5.43,118.65,1,1,1,68.25,ABORT
2026-03-30T04:56:00,28.35,19.28,46.23,108.96,73.26,89.5,3.0312,19.91,7.53,139.85,1,1,1,47.73,READY
2026-03-30T04:57:00,31.9,5.61,47.68,69.16,87.85,83.93,3.5156,22.38,2.81,143.71,1,1,1,104.82,READY
2026-03-30T04:58:00,32.04,4.43,48.5,84.56,67.52,88.46,2.8968,21.48,6.45,132.97,1,1,1,162.07,READY
2026-03-30T04:59:00,31.96,13.03,46.95,51.11,80.27,85.43,3.2196,22.03,7.28,96.45,1,1,1,71.02,READY
2026-03-30T05:00:00,32.16,24.29,47.5,65.64,96.72,108.19,4.9705,10.48,6.94,120.26,1,1,1,130.78,READY
2026-03-30T05:01:00,35.23,-3.93,48.23,79.4,67.1,114.82,3.7158,16.74,8.22,103.18,1,0,1,41.26,ABORT
2026-03-30T05:02:00,31.26,2.5,47.33,42.51,68.27,106.06,3.427,15.27,11.65,143.36,1,1,1,137.1,ABORT
2026-03-30T05:03:00,29.01,16.04,46.05,45.24,92.2,92.22,3.9155,24.34,5.86,116.19,1,1,1,95.82,READY
2026-03-30T05:04:00,23.93,3.82,48.8,87.72,92.97,95.89,4.3505,7.05,5.07,128.12,1,1,1,158.84,READY
2026-03-30T05:05:00,24.36,17.66,49.65,49.85,64.32,82.55,2.6362,24.77,5.84,138.07,1,1,1,80.25,READY
2026-03-30T05:06:00,30.09,26.23,47.79,34.99,90.62,115.99,5.0232,21.11,6.81,125.0,1,1,1,134.17,READY
2026-03-30T05:07:00,29.57,20.24,49.93,119.75,70.38,96.74,3.3995,12.77,2.21,130.4,1,1,1,122.23,READY
2026-03-30T05:08:00,21.23,20.43,47.33,73.46,91.4,116.26,5.0294,18.44,5.04,82.7,1,1,1,158.49,ABORT
2026-03-30T05:09:00,39.45,-0.52,47.55,100.83,90.52,87.32,3.7585,18.59,8.99,99.46,1,0,1,34.58,ABORT
2026-03-30T05:10:00,25.88,-0.88,46.32,83.44,83.21,104.83,4.0404,14.44,3.17,100.99,1,1,1,136.89,READY
2026-03-30T05:11:00,36.73,9.46,51.23,35.08,99.69,93.71,4.7859,24.74,10.47,144.33,1,0,0,27.8,ABORT
2026-03-30T05:12:00,18.99,10.82,47.26,97.35,83.05,86.34,3.3888,20.7,6.68,101.47,1,1,1,103.55,READY
2026-03-30T05:13:00,25.3,10.02,48.86,20.47,81.35,109.23,4.3416,24.0,7.35,132.84,1,1,1,116.69,READY
2026-03-30T05:14:00,18.3,-4.86,50.4,42.63,95.08,92.48,4.4317,7.05,5.02,110.31,1,1,1,53.81,READY
2026-03-30T05:15:00,18.78,28.2,48.74,72.03,80.96,97.35,3.8414,18.74,2.8,144.81,1,1,1,111.17,READY
2026-03-30T05:16:00,30.75,0.77,51.44,101.2,60.76,88.97,2.7808,24.7,3.27,96.1,1,0,1,113.13,ABORT
2026-03-30T05:17:00,24.23,17.77,46.22,107.65,70.23,101.39,3.2912,5.97,7.97,128.1,1,1,1,133.23,READY
2026-03-30T05:18:00,18.34,19.14,48.5,58.03,81.89,98.98,3.9312,8.06,6.17,126.52,1,1,1,85.65,READY
2026-03-30T05:19:00,29.25,18.19,47.62,80.56,65.49,113.23,3.5312,7.1,6.31,100.89,1,1,1,60.39,READY
2026-03-30T05:20:00,19.81,1.95,47.2,46.3,80.93,88.07,3.3642,19.07,3.77,96.97,1,1,1,112.01,READY
2026-03-30T05:21:00,21.53,27.66,47.98,20.27,86.87,116.28,4.8466,21.7,6.01,81.12,1,1,1,57.16,ABORT
2026-03-30T05:22:00,30.3,26.67,49.87,65.68,99.09,90.57,4.4756,6.0,6.88,138.71,1,1,1,160.05,READY
2026-03-30T05:23:00,24.12,18.69,48.56,31.59,94.05,115.61,5.28,5.19,2.83,127.36,1,1,1,89.37,READY
2026-03-30T05:24:00,33.21,28.43,47.61,93.31,74.9,93.71,3.3417,7.28,4.4,117.83,1,1,1,157.82,READY
2026-03-30T05:25:00,29.73,11.74,48.53,108.61,66.67,85.3,2.7599,19.53,7.89,152.29,1,1,1,59.0,ABORT
2026-03-30T05:26:00,27.67,10.34,49.67,97.92,84.45,114.5,4.8029,22.6,6.36,139.59,1,1,1,110.22,READY
2026-03-30T05:27:00,41.36,26.07,48.64,26.33,86.2,80.49,3.3748,22.37,5.15,132.18,1,1,1,142.71,ABORT
2026-03-30T05:28:00,29.39,6.84,49.14,90.06,63.81,106.47,3.3385,9.97,4.07,128.81,1,1,1,96.96,READY
2026-03-30T05:29:00,32.26,14.54,51.93,25.46,85.74,86.28,3.8416,21.98,7.11,138.47,1,1,1,55.11,READY
2026-03-30T05:30:00,26.36,3.43,51.82,25.04,68.91,105.73,3.7755,13.07,3.41,117.95,1,1,1,153.17,READY
2026-03-30T05:31:00,25.62,24.98,48.68,31.87,79.89,106.13,4.1274,7.05,4.47,122.86,1,0,1,45.02,ABORT
2026-03-30T05:32:00,31.46,28.71,49.83,109.01,82.49,106.18,4.3645,14.12,9.39,136.27,1,1,1,155.24,ABORT
2026-03-30T05:33:00,31.05,16.0,50.3,56.33,78.1,83.9,3.296,18.18,2.01,112.76,1,1,1,130.54,READY
2026-03-30T05:34:00,31.6,14.17,48.24,30.63,95.88,99.7,4.6114,21.44,6.46,115.46,1,1,1,79.33,READY
2026-03-30T05:35:00,21.33,-0.77,51.11,41.56,92.98,87.62,4.1639,11.76,6.54,97.33,1,1,1,130.49,READY
2026-03-30T05:36:00,29.43,-0.69,51.35,65.74,83.57,100.17,4.2986,24.28,2.03,131.81,1,1,1,119.69,READY
2026-03-30T05:37:00,25.36,15.48,51.55,98.11,96.41,107.67,5.3511,8.47,6.89,100.18,1,1,1,133.77,READY
2026-03-30T05:38:00,28.3,6.26,51.29,61.87,84.36,107.7,4.66,9.96,4.39,112.14,1,1,0,84.71,ABORT
2026-03-30T05:39:00,20.35,16.09,51.32,71.23,93.72,101.91,4.9016,11.28,6.42,122.68,1,1,1,74.34,READY
2026-03-30T05:40:00,21.57,20.0,50.12,112.12,65.31,108.42,3.549,24.5,3.07,122.12,1,1,1,130.98,READY
2026-03-30T05:41:00,30.08,21.63,49.37,78.28,97.71,108.4,5.2292,18.48,7.36,121.7,1,1,1,163.46,READY
2026-03-30T05:42:00,25.18,-4.55,46.64,58.09,62.12,82.26,2.3833,10.34,6.71,144.18,1,1,1,137.26,READY
2026-03-30T05:43:00,39.85,-2.83,50.71,40.4,81.65,94.35,3.9065,14.05,5.7,128.78,1,1,1,120.85,ABORT
2026-03-30T05:44:00,27.54,3.32,50.71,99.88,71.51,106.58,3.8649,23.53,4.33,142.84,1,1,1,176.74,READY
2026-03-30T05:45:00,23.32,14.32,46.08,45.13,84.82,111.24,4.3478,22.4,6.98,140.57,1,1,1,140.12,READY
2026-03-30T05:46:00,29.01,21.43,49.28,80.34,91.05,118.57,5.3202,10.88,3.06,129.13,1,1,0,70.24,ABORT
2026-03-30T05:47:00,30.5,-0.82,46.24,47.91,70.57,86.44,2.8207,21.92,2.03,118.32,1,1,1,171.56,READY
2026-03-30T05:48:00,18.68,27.5,49.58,97.37,85.01,113.73,4.7935,11.02,6.74,122.51,1,1,1,54.84,READY
2026-03-30T05:49:00,30.03,13.39,51.74,72.06,91.45,86.37,4.0867,15.86,4.42,112.47,1,1,1,24.92,ABORT
2026-03-30T05:50:00,24.13,2.65,50.52,73.05,99.87,112.95,5.6988,24.62,2.05,128.45,1,1,1,105.17,READY
2026-03-30T05:51:00,33.38,16.48,49.73,115.89,87.3,92.84,4.0306,23.32,7.67,114.29,1,1,1,117.93,READY
2026-03-30T05:52:00,22.81,26.9,50.93,57.5,92.11,97.82,4.5889,5.88,7.39,104.63,1,1,1,114.38,READY
2026-03-30T05:53:00,34.12,0.86,51.74,73.8,60.29,82.62,2.5773,18.41,6.64,138.25,1,1,1,102.27,READY
2026-03-30T05:54:00,19.77,13.82,50.22,117.62,91.01,105.86,4.8384,23.8,6.48,102.69,1,1,1,107.0,READY
2026-03-30T05:55:00,23.64,-1.94,46.33,99.42,82.32,103.0,3.9283,9.55,3.55,114.4,1,1,1,130.08,READY
2026-03-30T05:56:00,25.36,-4.41,50.04,73.48,85.66,104.73,4.4892,20.12,5.51,130.04,1,1,1,54.8,READY
2026-03-30T05:57:00,33.78,-1.29,50.72,50.14,63.46,110.61,3.5602,13.75,4.37,83.28,1,1,1,108.99,ABORT
2026-03-30T05:58:00,30.69,22.89,51.1,49.5,85.36,91.92,4.0095,22.74,7.79,138.36,1,1,1,132.47,READY
2026-03-30T05:59:00,37.12,-4.61,51.25,34.14,61.67,102.91,3.2526,12.88,9.65,99.26,1,0,1,32.76,ABORT
2026-03-30T06:00:00,20.74,2.73,51.01,39.43,67.25,111.99,3.8417,22.05,10.61,141.62,1,1,1,179.23,ABORT
2026-03-30T06:01:00,19.24,18.51,47.5,39.74,83.22,118.06,4.6669,12.14,6.03,106.73,1,1,1,83.49,READY
2026-03-30T06:02:00,19.19,1.77,48.92,52.83,86.38,107.74,4.5528,8.05,5.4,135.38,1,1,1,174.42,READY
2026-03-30T06:03:00,20.87,5.96,50.71,91.22,85.63,91.07,3.9545,12.19,6.08,111.58,1,1,1,109.79,READY
2026-03-30T06:04:00,25.57,22.12,48.92,30.88,85.82,83.28,3.4964,10.61,6.96,139.56,1,1,1,71.52,READY
2026-03-30T06:05:00,30.47,16.93,50.36,109.21,93.98,105.27,4.9823,21.25,5.47,133.46,1,1,1,73.72,READY
2026-03-30T06:06:00,18.62,4.12,51.36,73.97,86.16,85.95,3.8034,12.85,7.35,124.48,1,1,0,160.72,ABORT
2026-03-30T06:07:00,25.9,12.86,48.38,70.22,86.51,113.92,4.768,21.13,5.68,103.29,1,1,1,114.41,READY
2026-03-30T06:08:00,25.59,1.27,51.69,85.94,98.71,109.44,5.584,14.67,4.15,105.94,1,1,1,110.83,READY
2026-03-30T06:09:00,19.07,7.93,46.26,40.68,96.31,94.45,4.208,14.39,4.73,97.32,1,1,1,177.38,READY
2026-03-30T06:10:00,23.51,19.63,49.13,102.96,93.39,90.53,4.1537,15.89,3.04,127.68,1,1,1,94.32,READY
2026-03-30T06:11:00,29.11,24.24,49.1,57.63,96.29,100.65,4.7586,12.06,7.21,119.34,1,1,1,110.08,READY
2026-03-30T06:12:00,28.27,12.56,46.83,36.56,63.08,105.74,3.1236,9.23,3.12,113.11,1,1,1,141.84,READY
2026-03-30T06:13:00,20.01,3.06,50.87,92.03,79.26,99.15,3.9977,9.21,2.97,136.67,0,1,1,48.03,ABORT
2026-03-30T06:14:00,20.17,15.73,46.81,71.26,95.63,85.87,3.8439,8.33,7.53,120.83,1,1,1,99.74,READY
2026-03-30T06:15:00,34.48,17.32,51.27,92.8,92.85,117.89,5.6121,9.33,5.64,118.57,1,1,1,110.03,READY
2026-03-30T06:16:00,21.73,9.38,46.86,78.26,90.7,104.93,4.4597,15.22,3.01,129.28,1,1,1,169.52,READY
2026-03-30T06:17:00,28.14,-2.59,48.27,33.22,60.66,100.91,2.9547,23.19,6.11,136.33,1,1,0,126.74,ABORT
2026-03-30T06:18:00,26.09,16.52,46.23,98.39,80.13,84.7,3.1376,14.64,2.78,125.17,1,1,1,156.72,READY
2026-03-30T06:19:00,33.25,22.12,49.9,72.2,40.48,81.74,1.6511,15.6,3.38,135.12,1,1,1,151.59,ABORT
2026-03-30T06:20:00,31.68,26.78,51.02,77.61,77.02,90.18,3.5437,20.32,7.46,99.19,1,1,1,125.77,READY
2026-03-30T06:21:00,27.24,4.02,46.03,94.36,60.28,100.9,2.7997,15.4,4.25,105.27,1,1,1,153.58,READY
2026-03-30T06:22:00,24.95,-1.27,48.56,78.54,70.45,101.44,3.4703,16.29,5.67,144.59,1,1,1,98.66,READY
2026-03-30T06:23:00,21.46,14.32,49.35,37.87,82.36,99.35,4.038,24.77,5.47,133.71,1,1,1,98.75,READY
2026-03-30T06:24:00,20.35,25.23,46.71,42.98,91.32,117.97,5.0321,7.01,5.05,134.3,1,1,1,153.12,READY
2026-03-30T06:25:00,28.44,18.96,46.31,58.91,85.44,112.17,4.4383,21.47,4.83,125.01,1,1,1,56.9,READY
2026-03-30T06:26:00,22.47,7.98,49.65,92.45,97.23,96.03,4.6358,18.12,3.72,143.18,1,1,1,52.76,READY
2026-03-30T06:27:00,31.15,1.13,48.97,21.07,94.02,117.23,5.3975,15.36,3.17,134.2,1,1,1,113.92,READY
2026-03-30T06:28:00,29.87,16.53,50.04,55.97,47.52,119.03,2.8304,6.74,3.66,114.97,1,1,1,135.4,ABORT
2026-03-30T06:29:00,26.8,20.79,46.41,29.02,71.38,113.19,3.7497,23.3,4.09,143.16,1,1,1,82.33,READY
2026-03-30T06:30:00,28.31,1.81,51.58,77.49,70.44,96.29,3.4985,7.13,2.43,94.25,1,1,1,172.85,ABORT
2026-03-30T06:31:00,32.89,23.46,49.45,89.42,98.64,102.53,5.0012,20.4,6.54,143.06,1,1,1,106.94,READY
2026-03-30T06:32:00,25.83,15.54,46.16,31.63,62.7,105.35,3.0491,24.88,6.06,106.5,1,1,1,87.62,READY
2026-03-30T06:33:00,34.24,13.08,46.06,103.22,69.93,83.72,2.6966,18.47,6.93,98.8,1,1,1,170.74,READY
2026-03-30T06:34:00,26.1,7.37,51.37,46.91,97.88,107.32,5.3962,23.2,4.99,104.98,1,1,1,144.28,READY
2026-03-30T06:35:00,32.84,2.24,47.22,44.97,84.74,86.24,3.4508,7.13,7.52,145.2,1,1,1,134.56,ABORT
2026-03-30T06:36:00,32.57,28.53,51.09,57.12,72.62,115.92,4.3008,22.62,5.45,108.74,1,1,1,69.69,READY
2026-03-30T06:37:00,30.99,12.89,48.39,95.02,65.13,101.03,3.1841,13.46,7.64,96.63,1,1,1,91.88,READY
2026-03-30T06:38:00,32.63,22.16,48.74,32.04,80.73,92.63,3.6448,5.17,6.04,113.97,1,1,1,58.6,READY
2026-03-30T06:39:00,24.15,25.16,47.12,46.28,70.78,118.34,3.9468,11.86,3.1,116.2,1,1,1,101.58,READY
2026-03-30T06:40:00,30.79,7.78,48.4,65.07,82.86,119.17,4.7792,18.72,6.89,131.04,1,1,1,153.55,READY
2026-03-30T06:41:00,27.44,24.97,47.18,100.0,89.54,98.92,4.1789,5.19,4.53,101.72,1,1,1,165.59,READY
2026-03-30T06:42:00,28.72,13.69,47.89,68.66,70.04,114.34,3.8352,5.95,2.59,103.17,1,1,1,74.09,READY
2026-03-30T06:43:00,22.32,24.36,46.58,94.46,70.39,94.41,3.0955,16.15,6.86,112.21,1,1,1,100.59,READY
2026-03-30T06:44:00,23.97,18.79,49.63,77.69,85.99,101.54,4.3334,24.59,3.71,111.25,1,1,1,113.91,READY
2026-03-30T06:45:00,31.17,10.64,46.47,81.37,78.55,118.26,4.3167,22.37,5.84,141.43,1,1,1,101.95,READY
2026-03-30T06:46:00,28.41,9.17,51.44,27.91,73.75,92.54,3.5107,18.06,6.26,125.27,1,1,1,98.39,READY
2026-03-30T06:47:00,33.09,22.33,51.63,94.79,80.84,98.01,4.0907,8.35,7.13,101.25,1,1,1,76.67,READY
2026-03-30T06:48:00,22.28,21.04,50.5,41.06,75.88,83.82,3.2119,23.74,4.84,97.69,1,1,1,149.08,READY
2026-03-30T06:49:00,26.91,29.86,46.62,81.81,63.37,117.26,3.4642,12.8,3.38,131.88,1,1,0,104.83,ABORT
2026-03-30T06:50:00,20.23,24.35,46.17,86.35,94.41,93.01,4.0542,14.52,7.85,122.03,1,1,1,81.78,READY
2026-03-30T06:51:00,17.36,28.93,50.19,37.7,83.9,105.24,4.4316,17.72,5.38,121.17,1,1,1,131.34,ABORT
2026-03-30T06:52:00,14.77,2.95,46.54,50.79,76.49,86.23,3.0697,5.21,5.14,132.91,1,1,1,63.4,ABORT
2026-03-30T06:53:00,18.14,27.27,51.68,67.71,56.38,97.22,2.8327,10.86,3.39,95.36,1,1,1,95.44,ABORT
2026-03-30T06:54:00,25.43,3.75,50.29,84.6,93.14,88.82,4.1603,6.58,5.75,157.13,1,1,1,152.99,ABORT
2026-03-30T06:55:00,29.64,4.96,50.46,100.88,76.52,114.14,4.4072,8.65,3.74,126.84,1,1,1,128.39,READY
2026-03-30T06:56:00,22.63,16.8,47.13,21.94,61.99,101.4,2.9625,8.72,2.61,108.46,1,1,1,141.55,READY
2026-03-30T06:57:00,30.36,3.15,46.9,69.36,73.68,92.46,3.195,20.99,7.99,118.18,1,1,1,151.84,READY
2026-03-30T06:58:00,23.61,24.52,51.71,25.6,91.03,82.86,3.9004,14.4,3.15,137.08,1,1,1,155.33,READY
2026-03-30T06:59:00,32.08,-0.73,50.61,44.9,90.85,97.72,4.4931,19.75,2.2,118.04,1,1,1,149.08,READY
2026-03-30T07:00:00,26.86,29.37,48.84,88.14,72.48,92.92,3.2893,17.58,2.25,141.87,1,1,1,115.33,READY
2026-03-30T07:01:00,22.31,17.35,47.19,108.75,94.55,88.71,3.9581,7.26,5.8,111.23,1,1,1,67.59,READY
2026-03-30T07:02:00,22.69,-0.81,50.73,20.89,61.68,111.34,3.4839,14.51,5.58,113.57,1,1,1,57.08,READY
2026-03-30T07:03:00,20.68,-1.8,49.71,113.08,99.88,105.01,5.2138,6.2,5.87,130.07,1,1,1,151.85,READY
2026-03-30T07:04:00,20.14,3.14,51.89,98.86,90.27,112.22,5.2565,13.77,3.16,129.46,1,1,0,93.35,ABORT
2026-03-30T07:05:00,22.26,-3.62,50.24,75.9,81.71,99.6,4.0887,16.33,5.26,111.18,1,1,1,108.23,READY
2026-03-30T07:06:00,32.75,15.95,51.16,36.03,81.25,97.98,4.0728,21.39,5.25,117.7,1,1,1,149.75,READY
2026-03-30T07:07:00,26.6,20.68,51.3,81.97,74.56,104.81,4.0089,11.41,2.38,143.36,1,1,1,155.57,READY
2026-03-30T07:08:00,21.23,18.91,50.59,35.41,71.33,96.39,3.4783,11.44,2.58,127.94,1,1,1,50.91,READY
2026-03-30T07:09:00,33.94,1.25,46.19,30.71,67.66,81.27,2.5399,17.84,4.33,119.5,1,1,1,129.24,READY
2026-03-30T07:10:00,28.04,-3.28,47.32,91.78,60.52,116.84,3.3461,18.11,7.57,136.6,1,1,1,108.19,READY
2026-03-30T07:11:00,28.86,7.63,50.46,109.04,92.88,111.77,5.2384,6.17,5.7,121.45,1,1,1,144.13,READY
2026-03-30T07:12:00,32.19,-2.27,47.3,71.95,64.05,89.24,2.7036,12.71,3.16,127.84,1,1,1,121.95,READY
2026-03-30T07:13:00,34.11,14.54,49.35,94.61,90.65,103.06,4.6105,18.49,6.22,116.35,1,1,0,59.05,ABORT
2026-03-30T07:14:00,27.35,12.66,49.95,73.39,84.0,117.34,4.9234,23.05,5.3,144.84,1,1,1,159.06,READY
2026-03-30T07:15:00,25.01,17.16,50.96,52.35,69.63,101.83,3.6133,12.5,5.3,132.23,1,1,1,93.6,READY
2026-03-30T07:16:00,25.69,28.59,46.0,23.47,71.38,80.65,2.6481,7.7,7.34,95.33,1,1,1,177.89,READY
2026-03-30T07:17:00,21.65,6.02,50.63,114.33,92.89,116.76,5.4912,15.23,5.42,123.58,1,1,1,57.73,READY
2026-03-30T07:18:00,25.83,0.46,47.59,108.96,69.99,90.25,3.0061,11.01,5.42,123.45,1,0,1,74.35,ABORT
2026-03-30T07:19:00,30.3,22.75,47.04,102.57,87.58,103.05,4.2454,23.15,5.57,110.02,1,1,1,143.66,READY
2026-03-30T07:20:00,27.8,-2.25,46.34,97.09,73.92,112.69,3.8601,13.33,7.21,138.49,1,1,1,75.61,READY
2026-03-30T07:21:00,29.1,16.08,46.07,97.74,75.3,92.19,3.1981,5.82,5.24,102.48,1,1,1,112.82,READY
2026-03-30T07:22:00,21.75,-3.23,50.39,59.29,77.82,103.81,4.0708,15.09,3.33,109.49,1,1,1,98.23,READY
2026-03-30T07:23:00,20.25,-2.11,49.43,24.93,75.97,83.4,3.1318,15.04,6.64,101.52,1,1,1,63.21,READY
2026-03-30T07:24:00,27.51,12.08,49.91,39.61,84.64,109.43,4.6227,9.92,2.43,146.43,1,1,1,88.66,ABORT
2026-03-30T07:25:00,29.42,9.82,48.09,52.07,83.76,80.97,3.2615,11.1,10.53,125.81,1,1,1,178.67,ABORT
2026-03-30T07:26:00,25.49,27.35,47.4,88.54,66.24,109.14,3.4268,6.72,6.44,107.15,1,1,1,128.84,READY
2026-03-30T07:27:00,20.51,24.14,47.73,54.33,92.17,92.2,4.0561,14.42,3.99,87.8,1,1,1,73.6,ABORT
2026-03-30T07:28:00,22.4,11.91,50.38,34.13,87.95,80.74,3.5775,16.66,5.98,97.17,1,1,1,67.99,READY
2026-03-30T07:29:00,22.83,22.62,49.71,25.31,86.19,80.33,3.4417,12.77,3.63,137.6,1,1,1,134.11,READY
2026-03-30T07:30:00,32.69,-4.33,51.2,84.94,69.25,95.23,3.3765,24.53,2.6,110.77,1,1,1,162.01,READY
2026-03-30T07:31:00,27.04,1.52,49.0,65.8,97.05,80.86,3.8453,9.95,5.18,111.68,1,1,1,98.11,READY
2026-03-30T07:32:00,20.67,7.14,48.11,82.52,69.45,119.13,3.9804,15.03,6.87,126.29,1,1,1,163.62,READY
2026-03-30T07:33:00,33.14,23.52,46.18,75.49,71.21,86.07,2.8304,22.94,5.94,99.39,1,1,1,96.6,READY
2026-03-30T07:34:00,39.28,16.44,49.75,42.74,69.61,86.11,2.9821,24.41,7.46,111.46,1,1,1,118.2,ABORT
2026-03-30T07:35:00,27.88,18.94,47.21,33.81,87.54,115.95,4.7919,23.19,4.58,140.45,1,1,1,148.96,READY
2026-03-30T07:36:00,29.16,14.77,45.43,26.78,81.32,108.78,4.0187,8.68,7.04,102.28,1,1,1,48.98,ABORT
2026-03-30T07:37:00,25.04,9.39,48.66,113.38,95.77,117.33,5.4678,10.48,6.67,100.34,1,1,1,69.94,READY
2026-03-30T07:38:00,30.96,16.42,47.6,76.7,69.24,89.29,2.9428,18.75,4.16,129.41,1,1,1,109.34,READY
2026-03-30T07:39:00,26.54,16.16,50.27,57.4,94.09,99.66,4.7138,7.75,3.16,96.61,1,1,1,148.21,READY
2026-03-30T07:40:00,18.26,4.45,48.48,94.24,99.53,110.31,5.3227,6.32,7.56,144.28,1,1,1,162.06,READY
2026-03-30T07:41:00,26.33,6.37,48.75,44.68,76.19,81.67,3.0334,19.71,4.28,110.64,1,1,1,127.55,READY
2026-03-30T07:42:00,30.62,15.78,49.15,107.58,91.48,100.83,4.5336,14.03,6.96,97.12,1,1,1,179.44,READY
2026-03-30T07:43:00,14.72,8.85,50.41,75.77,80.65,105.23,4.2782,5.99,3.75,114.9,1,1,1,86.11,ABORT
2026-03-30T07:44:00,36.68,16.46,46.33,71.7,65.69,113.2,3.4451,14.03,8.16,100.66,1,0,1,31.3,ABORT
2026-03-30T07:45:00,33.24,26.35,51.3,29.02,72.96,105.94,3.9652,19.23,2.98,131.66,1,1,1,57.31,READY
2026-03-30T07:46:00,30.01,17.19,46.51,90.73,89.07,119.01,4.9302,17.24,2.96,122.52,1,1,1,50.93,READY
2026-03-30T07:47:00,20.91,6.73,51.23,106.27,66.48,85.78,2.9215,20.38,2.31,110.4,1,1,1,143.57,READY
2026-03-30T07:48:00,34.34,5.11,47.08,109.85,98.42,80.14,3.7134,20.31,2.07,119.88,1,1,1,112.32,READY
2026-03-30T07:49:00,31.73,16.28,48.96,41.69,86.38,98.15,4.1509,13.84,5.61,95.33,1,1,1,164.09,READY
2026-03-30T07:50:00,22.73,17.0,50.92,40.76,67.39,82.2,2.8207,11.98,2.87,149.55,1,1,1,123.04,ABORT
2026-03-30T07:51:00,33.65,-3.28,48.5,37.82,86.88,104.44,4.4008,18.83,5.57,134.37,1,1,1,68.95,READY
2026-03-30T07:52:00,25.74,15.26,51.59,29.31,71.97,94.74,3.5176,12.58,2.41,116.37,1,1,1,119.31,READY
2026-03-30T07:53:00,22.98,-0.29,50.17,47.44,81.08,100.99,4.1081,18.92,5.67,100.47,1,1,1,143.51,READY
2026-03-30T07:54:00,28.69,29.55,48.9,88.87,97.36,119.45,5.6869,10.74,5.65,110.82,1,1,1,115.93,READY
2026-03-30T07:55:00,34.92,7.38,46.78,76.26,80.79,105.27,3.9785,14.85,3.08,125.47,1,1,1,140.66,READY
2026-03-30T07:56:00,34.65,-4.94,46.14,82.55,64.72,113.92,3.4019,20.99,7.99,115.7,1,1,1,90.06,READY
2026-03-30T07:57:00,27.53,17.31,46.07,40.12,71.27,111.61,3.6646,11.16,5.04,111.2,1,1,1,45.83,READY
2026-03-30T07:58:00,29.66,6.95,50.35,81.6,61.16,87.03,2.68,11.61,4.03,128.62,0,1,1,168.68,ABORT
2026-03-30T07:59:00,28.98,11.85,49.76,109.21,81.48,93.4,3.7869,20.68,4.48,132.13,1,1,1,157.74,READY
2026-03-30T08:00:00,16.96,20.37,47.89,73.59,68.33,107.42,3.5151,20.99,7.33,112.68,1,1,1,175.9,ABORT
2026-03-30T08:01:00,23.77,8.13,49.21,36.6,84.23,87.5,3.6268,7.34,6.69,110.41,1,1,1,160.81,READY
2026-03-30T08:02:00,30.07,4.5,46.52,107.7,74.86,113.18,3.9415,11.05,5.15,103.75,1,1,1,95.52,READY
2026-03-30T08:03:00,16.58,2.07,46.56,70.6,91.96,116.2,4.9753,8.08,4.04,119.17,1,1,1,162.97,ABORT
2026-03-30T08:04:00,20.44,25.51,50.93,113.8,87.07,85.31,3.7831,19.49,4.76,130.68,1,1,1,115.52,READY
2026-03-30T08:05:00,18.07,27.63,50.12,79.43,63.48,98.68,3.1396,5.92,5.12,127.95,1,1,1,87.18,READY
2026-03-30T08:06:00,12.68,5.93,51.35,52.09,67.7,91.07,3.166,11.38,4.65,100.88,1,1,1,65.16,ABORT
2026-03-30T08:07:00,34.29,14.59,46.61,74.25,81.97,90.84,3.4707,23.87,6.82,123.7,1,1,1,68.12,READY
2026-03-30T08:08:00,23.29,26.23,49.24,25.07,61.16,116.13,3.4973,6.01,4.3,99.31,1,1,1,97.91,READY
2026-03-30T08:09:00,29.98,26.19,49.78,89.01,77.83,94.22,3.6504,11.65,3.19,132.92,1,1,1,154.26,READY
2026-03-30T08:10:00,19.34,27.3,50.59,76.78,63.72,112.09,3.6133,18.97,9.94,110.52,1,1,1,132.0,ABORT
2026-03-30T08:11:00,34.11,0.03,51.37,45.81,74.54,87.33,3.344,23.35,3.98,138.04,1,1,1,88.84,READY
2026-03-30T08:12:00,26.29,-2.71,46.68,67.87,93.83,91.29,3.9985,11.97,5.45,120.4,1,1,1,99.77,READY
2026-03-30T08:13:00,30.14,-1.26,49.34,27.09,72.08,98.44,3.5009,16.81,3.43,107.18,1,1,1,66.47,READY
2026-03-30T08:14:00,26.2,-2.69,47.25,89.41,77.25,119.21,4.3512,16.34,4.05,129.71,1,1,1,17.33,ABORT
2026-03-30T08:15:00,33.82,15.1,48.92,79.22,78.52,102.2,3.9257,21.44,3.06,142.79,1,1,1,54.4,READY
2026-03-30T08:16:00,19.85,23.49,50.63,57.89,79.77,106.41,4.2976,6.81,6.9,139.36,1,1,1,39.21,ABORT
2026-03-30T08:17:00,30.87,18.13,48.72,49.15,84.62,97.89,4.0357,9.11,7.26,109.99,1,1,1,152.24,READY
2026-03-30T08:18:00,29.55,27.15,51.62,91.78,96.6,119.61,5.9643,16.65,5.67,120.52,1,1,1,159.43,READY
2026-03-30T08:19:00,32.49,-2.82,51.41,116.79,60.03,102.4,3.1602,24.57,2.66,109.11,1,1,1,49.21,READY
